Target;TargetType;TargetMethod;Job;JobMode;JobPlatform;JobJit;JobFramework;JobToolchain;JobRuntime;Params;MeasurementLaunchIndex;MeasurementIterationMode;MeasurementIterationIndex;MeasurementNanoseconds;MeasurementOperations;MeasurementValue
AccordTest.DecisionTreeTest;AccordTest;DecisionTreeTest;;Throughput;Host;Host;Host;Classic;Host;;1;Pilot;1;4454888.62;4;1113722.16
AccordTest.DecisionTreeTest;AccordTest;DecisionTreeTest;;Throughput;Host;Host;Host;Classic;Host;;1;Pilot;2;9108357.37;8;1138544.67
AccordTest.DecisionTreeTest;AccordTest;DecisionTreeTest;;Throughput;Host;Host;Host;Classic;Host;;1;Pilot;3;18153793.84;16;1134612.12
AccordTest.DecisionTreeTest;AccordTest;DecisionTreeTest;;Throughput;Host;Host;Host;Classic;Host;;1;Pilot;4;38107303.78;32;1190853.24
AccordTest.DecisionTreeTest;AccordTest;DecisionTreeTest;;Throughput;Host;Host;Host;Classic;Host;;1;Pilot;5;69615053.53;64;1087735.21
AccordTest.DecisionTreeTest;AccordTest;DecisionTreeTest;;Throughput;Host;Host;Host;Classic;Host;;1;Pilot;6;142759924.66;128;1115311.91
AccordTest.DecisionTreeTest;AccordTest;DecisionTreeTest;;Throughput;Host;Host;Host;Classic;Host;;1;Pilot;7;283930762.03;256;1109104.54
AccordTest.DecisionTreeTest;AccordTest;DecisionTreeTest;;Throughput;Host;Host;Host;Classic;Host;;1;IdleWarmup;1;5354.97;256;20.92
AccordTest.DecisionTreeTest;AccordTest;DecisionTreeTest;;Throughput;Host;Host;Host;Classic;Host;;1;IdleWarmup;2;1338.74;256;5.23
AccordTest.DecisionTreeTest;AccordTest;DecisionTreeTest;;Throughput;Host;Host;Host;Classic;Host;;1;IdleWarmup;3;446.25;256;1.74
AccordTest.DecisionTreeTest;AccordTest;DecisionTreeTest;;Throughput;Host;Host;Host;Classic;Host;;1;IdleWarmup;4;1784.99;256;6.97
AccordTest.DecisionTreeTest;AccordTest;DecisionTreeTest;;Throughput;Host;Host;Host;Classic;Host;;1;IdleWarmup;5;1338.74;256;5.23
AccordTest.DecisionTreeTest;AccordTest;DecisionTreeTest;;Throughput;Host;Host;Host;Classic;Host;;1;IdleWarmup;6;1338.74;256;5.23
AccordTest.DecisionTreeTest;AccordTest;DecisionTreeTest;;Throughput;Host;Host;Host;Classic;Host;;1;IdleWarmup;7;892.49;256;3.49
AccordTest.DecisionTreeTest;AccordTest;DecisionTreeTest;;Throughput;Host;Host;Host;Classic;Host;;1;IdleWarmup;8;1784.99;256;6.97
AccordTest.DecisionTreeTest;AccordTest;DecisionTreeTest;;Throughput;Host;Host;Host;Classic;Host;;1;IdleTarget;1;1338.74;256;5.23
AccordTest.DecisionTreeTest;AccordTest;DecisionTreeTest;;Throughput;Host;Host;Host;Classic;Host;;1;IdleTarget;2;892.49;256;3.49
AccordTest.DecisionTreeTest;AccordTest;DecisionTreeTest;;Throughput;Host;Host;Host;Classic;Host;;1;IdleTarget;3;1338.74;256;5.23
AccordTest.DecisionTreeTest;AccordTest;DecisionTreeTest;;Throughput;Host;Host;Host;Classic;Host;;1;IdleTarget;4;1338.74;256;5.23
AccordTest.DecisionTreeTest;AccordTest;DecisionTreeTest;;Throughput;Host;Host;Host;Classic;Host;;1;IdleTarget;5;1338.74;256;5.23
AccordTest.DecisionTreeTest;AccordTest;DecisionTreeTest;;Throughput;Host;Host;Host;Classic;Host;;1;IdleTarget;6;1338.74;256;5.23
AccordTest.DecisionTreeTest;AccordTest;DecisionTreeTest;;Throughput;Host;Host;Host;Classic;Host;;1;IdleTarget;7;892.49;256;3.49
AccordTest.DecisionTreeTest;AccordTest;DecisionTreeTest;;Throughput;Host;Host;Host;Classic;Host;;1;IdleTarget;8;1338.74;256;5.23
AccordTest.DecisionTreeTest;AccordTest;DecisionTreeTest;;Throughput;Host;Host;Host;Classic;Host;;1;IdleTarget;9;1338.74;256;5.23
AccordTest.DecisionTreeTest;AccordTest;DecisionTreeTest;;Throughput;Host;Host;Host;Classic;Host;;1;IdleTarget;10;1338.74;256;5.23
AccordTest.DecisionTreeTest;AccordTest;DecisionTreeTest;;Throughput;Host;Host;Host;Classic;Host;;1;MainWarmup;1;264604676.05;256;1033612.02
AccordTest.DecisionTreeTest;AccordTest;DecisionTreeTest;;Throughput;Host;Host;Host;Classic;Host;;1;MainWarmup;2;257884188.96;256;1007360.11
AccordTest.DecisionTreeTest;AccordTest;DecisionTreeTest;;Throughput;Host;Host;Host;Classic;Host;;1;MainWarmup;3;259501389.84;256;1013677.3
AccordTest.DecisionTreeTest;AccordTest;DecisionTreeTest;;Throughput;Host;Host;Host;Classic;Host;;1;MainWarmup;4;282836563.2;256;1104830.33
AccordTest.DecisionTreeTest;AccordTest;DecisionTreeTest;;Throughput;Host;Host;Host;Classic;Host;;1;MainWarmup;5;295743825.39;256;1155249.32
AccordTest.DecisionTreeTest;AccordTest;DecisionTreeTest;;Throughput;Host;Host;Host;Classic;Host;;1;MainTarget;1;296333764.56;256;1157553.77
AccordTest.DecisionTreeTest;AccordTest;DecisionTreeTest;;Throughput;Host;Host;Host;Classic;Host;;1;MainTarget;2;291354981.39;256;1138105.4
AccordTest.DecisionTreeTest;AccordTest;DecisionTreeTest;;Throughput;Host;Host;Host;Classic;Host;;1;MainTarget;3;285090559.23;256;1113635
AccordTest.DecisionTreeTest;AccordTest;DecisionTreeTest;;Throughput;Host;Host;Host;Classic;Host;;1;MainTarget;4;270991370.02;256;1058560.04
AccordTest.DecisionTreeTest;AccordTest;DecisionTreeTest;;Throughput;Host;Host;Host;Classic;Host;;1;MainTarget;5;269702161.04;256;1053524.07
AccordTest.DecisionTreeTest;AccordTest;DecisionTreeTest;;Throughput;Host;Host;Host;Classic;Host;;1;MainTarget;6;298281188.57;256;1165160.89
AccordTest.DecisionTreeTest;AccordTest;DecisionTreeTest;;Throughput;Host;Host;Host;Classic;Host;;1;MainTarget;7;299911776.87;256;1171530.38
AccordTest.DecisionTreeTest;AccordTest;DecisionTreeTest;;Throughput;Host;Host;Host;Classic;Host;;1;MainTarget;8;282382729.51;256;1103057.54
AccordTest.DecisionTreeTest;AccordTest;DecisionTreeTest;;Throughput;Host;Host;Host;Classic;Host;;1;MainTarget;9;282537577.38;256;1103662.41
AccordTest.DecisionTreeTest;AccordTest;DecisionTreeTest;;Throughput;Host;Host;Host;Classic;Host;;1;MainTarget;10;286851005.55;256;1120511.74
AccordTest.DecisionTreeTest;AccordTest;DecisionTreeTest;;Throughput;Host;Host;Host;Classic;Host;;1;MainTarget;11;319199039.32;256;1246871.25
AccordTest.DecisionTreeTest;AccordTest;DecisionTreeTest;;Throughput;Host;Host;Host;Classic;Host;;1;MainTarget;12;284409139.33;256;1110973.2
AccordTest.DecisionTreeTest;AccordTest;DecisionTreeTest;;Throughput;Host;Host;Host;Classic;Host;;1;MainTarget;13;272156968.44;256;1063113.16
AccordTest.DecisionTreeTest;AccordTest;DecisionTreeTest;;Throughput;Host;Host;Host;Classic;Host;;1;MainTarget;14;296077618.5;256;1156553.2
AccordTest.DecisionTreeTest;AccordTest;DecisionTreeTest;;Throughput;Host;Host;Host;Classic;Host;;1;MainTarget;15;280768206.12;256;1096750.81
AccordTest.DecisionTreeTest;AccordTest;DecisionTreeTest;;Throughput;Host;Host;Host;Classic;Host;;1;MainTarget;16;282944108.84;256;1105250.43
AccordTest.DecisionTreeTest;AccordTest;DecisionTreeTest;;Throughput;Host;Host;Host;Classic;Host;;1;Result;1;296332425.81;256;1157548.54
AccordTest.DecisionTreeTest;AccordTest;DecisionTreeTest;;Throughput;Host;Host;Host;Classic;Host;;1;Result;2;291353642.65;256;1138100.17
AccordTest.DecisionTreeTest;AccordTest;DecisionTreeTest;;Throughput;Host;Host;Host;Classic;Host;;1;Result;3;285089220.49;256;1113629.77
AccordTest.DecisionTreeTest;AccordTest;DecisionTreeTest;;Throughput;Host;Host;Host;Classic;Host;;1;Result;4;270990031.28;256;1058554.81
AccordTest.DecisionTreeTest;AccordTest;DecisionTreeTest;;Throughput;Host;Host;Host;Classic;Host;;1;Result;5;269700822.3;256;1053518.84
AccordTest.DecisionTreeTest;AccordTest;DecisionTreeTest;;Throughput;Host;Host;Host;Classic;Host;;1;Result;6;298279849.83;256;1165155.66
AccordTest.DecisionTreeTest;AccordTest;DecisionTreeTest;;Throughput;Host;Host;Host;Classic;Host;;1;Result;7;299910438.13;256;1171525.15
AccordTest.DecisionTreeTest;AccordTest;DecisionTreeTest;;Throughput;Host;Host;Host;Classic;Host;;1;Result;8;282381390.77;256;1103052.31
AccordTest.DecisionTreeTest;AccordTest;DecisionTreeTest;;Throughput;Host;Host;Host;Classic;Host;;1;Result;9;282536238.64;256;1103657.18
AccordTest.DecisionTreeTest;AccordTest;DecisionTreeTest;;Throughput;Host;Host;Host;Classic;Host;;1;Result;10;286849666.81;256;1120506.51
AccordTest.DecisionTreeTest;AccordTest;DecisionTreeTest;;Throughput;Host;Host;Host;Classic;Host;;1;Result;11;319197700.58;256;1246866.02
AccordTest.DecisionTreeTest;AccordTest;DecisionTreeTest;;Throughput;Host;Host;Host;Classic;Host;;1;Result;12;284407800.58;256;1110967.97
AccordTest.DecisionTreeTest;AccordTest;DecisionTreeTest;;Throughput;Host;Host;Host;Classic;Host;;1;Result;13;272155629.7;256;1063107.93
AccordTest.DecisionTreeTest;AccordTest;DecisionTreeTest;;Throughput;Host;Host;Host;Classic;Host;;1;Result;14;296076279.76;256;1156547.97
AccordTest.DecisionTreeTest;AccordTest;DecisionTreeTest;;Throughput;Host;Host;Host;Classic;Host;;1;Result;15;280766867.37;256;1096745.58
AccordTest.DecisionTreeTest;AccordTest;DecisionTreeTest;;Throughput;Host;Host;Host;Classic;Host;;1;Result;16;282942770.1;256;1105245.2
AccordTest.DecisionTreeTest;AccordTest;DecisionTreeTest;;Throughput;Host;Host;Host;Classic;Host;;2;Pilot;1;5121136.11;4;1280284.03
AccordTest.DecisionTreeTest;AccordTest;DecisionTreeTest;;Throughput;Host;Host;Host;Classic;Host;;2;Pilot;2;8247992.22;8;1030999.03
AccordTest.DecisionTreeTest;AccordTest;DecisionTreeTest;;Throughput;Host;Host;Host;Classic;Host;;2;Pilot;3;17297891.17;16;1081118.2
AccordTest.DecisionTreeTest;AccordTest;DecisionTreeTest;;Throughput;Host;Host;Host;Classic;Host;;2;Pilot;4;37066208.4;32;1158319.01
AccordTest.DecisionTreeTest;AccordTest;DecisionTreeTest;;Throughput;Host;Host;Host;Classic;Host;;2;Pilot;5;74271199.77;64;1160487.5
AccordTest.DecisionTreeTest;AccordTest;DecisionTreeTest;;Throughput;Host;Host;Host;Classic;Host;;2;Pilot;6;142086983.45;128;1110054.56
AccordTest.DecisionTreeTest;AccordTest;DecisionTreeTest;;Throughput;Host;Host;Host;Classic;Host;;2;Pilot;7;296316807.15;256;1157487.53
AccordTest.DecisionTreeTest;AccordTest;DecisionTreeTest;;Throughput;Host;Host;Host;Classic;Host;;2;IdleWarmup;1;5801.22;256;22.66
AccordTest.DecisionTreeTest;AccordTest;DecisionTreeTest;;Throughput;Host;Host;Host;Classic;Host;;2;IdleWarmup;2;1338.74;256;5.23
AccordTest.DecisionTreeTest;AccordTest;DecisionTreeTest;;Throughput;Host;Host;Host;Classic;Host;;2;IdleWarmup;3;1784.99;256;6.97
AccordTest.DecisionTreeTest;AccordTest;DecisionTreeTest;;Throughput;Host;Host;Host;Classic;Host;;2;IdleWarmup;4;1784.99;256;6.97
AccordTest.DecisionTreeTest;AccordTest;DecisionTreeTest;;Throughput;Host;Host;Host;Classic;Host;;2;IdleWarmup;5;1338.74;256;5.23
AccordTest.DecisionTreeTest;AccordTest;DecisionTreeTest;;Throughput;Host;Host;Host;Classic;Host;;2;IdleWarmup;6;1338.74;256;5.23
AccordTest.DecisionTreeTest;AccordTest;DecisionTreeTest;;Throughput;Host;Host;Host;Classic;Host;;2;IdleTarget;1;1338.74;256;5.23
AccordTest.DecisionTreeTest;AccordTest;DecisionTreeTest;;Throughput;Host;Host;Host;Classic;Host;;2;IdleTarget;2;892.49;256;3.49
AccordTest.DecisionTreeTest;AccordTest;DecisionTreeTest;;Throughput;Host;Host;Host;Classic;Host;;2;IdleTarget;3;892.49;256;3.49
AccordTest.DecisionTreeTest;AccordTest;DecisionTreeTest;;Throughput;Host;Host;Host;Classic;Host;;2;IdleTarget;4;892.49;256;3.49
AccordTest.DecisionTreeTest;AccordTest;DecisionTreeTest;;Throughput;Host;Host;Host;Classic;Host;;2;IdleTarget;5;892.49;256;3.49
AccordTest.DecisionTreeTest;AccordTest;DecisionTreeTest;;Throughput;Host;Host;Host;Classic;Host;;2;IdleTarget;6;1338.74;256;5.23
AccordTest.DecisionTreeTest;AccordTest;DecisionTreeTest;;Throughput;Host;Host;Host;Classic;Host;;2;IdleTarget;7;1338.74;256;5.23
AccordTest.DecisionTreeTest;AccordTest;DecisionTreeTest;;Throughput;Host;Host;Host;Classic;Host;;2;IdleTarget;8;1338.74;256;5.23
AccordTest.DecisionTreeTest;AccordTest;DecisionTreeTest;;Throughput;Host;Host;Host;Classic;Host;;2;IdleTarget;9;1338.74;256;5.23
AccordTest.DecisionTreeTest;AccordTest;DecisionTreeTest;;Throughput;Host;Host;Host;Classic;Host;;2;IdleTarget;10;1338.74;256;5.23
AccordTest.DecisionTreeTest;AccordTest;DecisionTreeTest;;Throughput;Host;Host;Host;Classic;Host;;2;IdleTarget;11;1338.74;256;5.23
AccordTest.DecisionTreeTest;AccordTest;DecisionTreeTest;;Throughput;Host;Host;Host;Classic;Host;;2;IdleTarget;12;892.49;256;3.49
AccordTest.DecisionTreeTest;AccordTest;DecisionTreeTest;;Throughput;Host;Host;Host;Classic;Host;;2;IdleTarget;13;1338.74;256;5.23
AccordTest.DecisionTreeTest;AccordTest;DecisionTreeTest;;Throughput;Host;Host;Host;Classic;Host;;2;IdleTarget;14;1338.74;256;5.23
AccordTest.DecisionTreeTest;AccordTest;DecisionTreeTest;;Throughput;Host;Host;Host;Classic;Host;;2;IdleTarget;15;1338.74;256;5.23
AccordTest.DecisionTreeTest;AccordTest;DecisionTreeTest;;Throughput;Host;Host;Host;Classic;Host;;2;MainWarmup;1;312025611.04;256;1218850.04
AccordTest.DecisionTreeTest;AccordTest;DecisionTreeTest;;Throughput;Host;Host;Host;Classic;Host;;2;MainWarmup;2;268388408.45;256;1048392.22
AccordTest.DecisionTreeTest;AccordTest;DecisionTreeTest;;Throughput;Host;Host;Host;Classic;Host;;2;MainWarmup;3;272481836.61;256;1064382.17
AccordTest.DecisionTreeTest;AccordTest;DecisionTreeTest;;Throughput;Host;Host;Host;Classic;Host;;2;MainWarmup;4;268316562.61;256;1048111.57
AccordTest.DecisionTreeTest;AccordTest;DecisionTreeTest;;Throughput;Host;Host;Host;Classic;Host;;2;MainWarmup;5;293287679.24;256;1145655
AccordTest.DecisionTreeTest;AccordTest;DecisionTreeTest;;Throughput;Host;Host;Host;Classic;Host;;2;MainWarmup;6;295044555.58;256;1152517.8
AccordTest.DecisionTreeTest;AccordTest;DecisionTreeTest;;Throughput;Host;Host;Host;Classic;Host;;2;MainTarget;1;289547679.09;256;1131045.62
AccordTest.DecisionTreeTest;AccordTest;DecisionTreeTest;;Throughput;Host;Host;Host;Classic;Host;;2;MainTarget;2;289636928.59;256;1131394.25
AccordTest.DecisionTreeTest;AccordTest;DecisionTreeTest;;Throughput;Host;Host;Host;Classic;Host;;2;MainTarget;3;266466866.79;256;1040886.2
AccordTest.DecisionTreeTest;AccordTest;DecisionTreeTest;;Throughput;Host;Host;Host;Classic;Host;;2;MainTarget;4;266919361.74;256;1042653.76
AccordTest.DecisionTreeTest;AccordTest;DecisionTreeTest;;Throughput;Host;Host;Host;Classic;Host;;2;MainTarget;5;288984514.77;256;1128845.76
AccordTest.DecisionTreeTest;AccordTest;DecisionTreeTest;;Throughput;Host;Host;Host;Classic;Host;;2;MainTarget;6;315566138.56;256;1232680.23
AccordTest.DecisionTreeTest;AccordTest;DecisionTreeTest;;Throughput;Host;Host;Host;Classic;Host;;2;MainTarget;7;270238104.27;256;1055617.59
AccordTest.DecisionTreeTest;AccordTest;DecisionTreeTest;;Throughput;Host;Host;Host;Classic;Host;;2;MainTarget;8;282009666.61;256;1101600.26
AccordTest.DecisionTreeTest;AccordTest;DecisionTreeTest;;Throughput;Host;Host;Host;Classic;Host;;2;MainTarget;9;260857089.69;256;1018973.01
AccordTest.DecisionTreeTest;AccordTest;DecisionTreeTest;;Throughput;Host;Host;Host;Classic;Host;;2;MainTarget;10;264589503.63;256;1033552.75
AccordTest.DecisionTreeTest;AccordTest;DecisionTreeTest;;Throughput;Host;Host;Host;Classic;Host;;2;MainTarget;11;258943580.48;256;1011498.36
AccordTest.DecisionTreeTest;AccordTest;DecisionTreeTest;;Throughput;Host;Host;Host;Classic;Host;;2;MainTarget;12;259217576.44;256;1012568.66
AccordTest.DecisionTreeTest;AccordTest;DecisionTreeTest;;Throughput;Host;Host;Host;Classic;Host;;2;MainTarget;13;260390761.07;256;1017151.41
AccordTest.DecisionTreeTest;AccordTest;DecisionTreeTest;;Throughput;Host;Host;Host;Classic;Host;;2;MainTarget;14;263004432.58;256;1027361.06
AccordTest.DecisionTreeTest;AccordTest;DecisionTreeTest;;Throughput;Host;Host;Host;Classic;Host;;2;MainTarget;15;258403174.78;256;1009387.4
AccordTest.DecisionTreeTest;AccordTest;DecisionTreeTest;;Throughput;Host;Host;Host;Classic;Host;;2;MainTarget;16;269532587;256;1052861.67
AccordTest.DecisionTreeTest;AccordTest;DecisionTreeTest;;Throughput;Host;Host;Host;Classic;Host;;2;MainTarget;17;258407191.01;256;1009403.09
AccordTest.DecisionTreeTest;AccordTest;DecisionTreeTest;;Throughput;Host;Host;Host;Classic;Host;;2;MainTarget;18;259820456.79;256;1014923.66
AccordTest.DecisionTreeTest;AccordTest;DecisionTreeTest;;Throughput;Host;Host;Host;Classic;Host;;2;MainTarget;19;262290882.85;256;1024573.76
AccordTest.DecisionTreeTest;AccordTest;DecisionTreeTest;;Throughput;Host;Host;Host;Classic;Host;;2;Result;1;289546340.35;256;1131040.39
AccordTest.DecisionTreeTest;AccordTest;DecisionTreeTest;;Throughput;Host;Host;Host;Classic;Host;;2;Result;2;289635589.84;256;1131389.02
AccordTest.DecisionTreeTest;AccordTest;DecisionTreeTest;;Throughput;Host;Host;Host;Classic;Host;;2;Result;3;266465528.05;256;1040880.97
AccordTest.DecisionTreeTest;AccordTest;DecisionTreeTest;;Throughput;Host;Host;Host;Classic;Host;;2;Result;4;266918023;256;1042648.53
AccordTest.DecisionTreeTest;AccordTest;DecisionTreeTest;;Throughput;Host;Host;Host;Classic;Host;;2;Result;5;288983176.02;256;1128840.53
AccordTest.DecisionTreeTest;AccordTest;DecisionTreeTest;;Throughput;Host;Host;Host;Classic;Host;;2;Result;6;315564799.82;256;1232675
AccordTest.DecisionTreeTest;AccordTest;DecisionTreeTest;;Throughput;Host;Host;Host;Classic;Host;;2;Result;7;270236765.53;256;1055612.37
AccordTest.DecisionTreeTest;AccordTest;DecisionTreeTest;;Throughput;Host;Host;Host;Classic;Host;;2;Result;8;282008327.87;256;1101595.03
AccordTest.DecisionTreeTest;AccordTest;DecisionTreeTest;;Throughput;Host;Host;Host;Classic;Host;;2;Result;9;260855750.95;256;1018967.78
AccordTest.DecisionTreeTest;AccordTest;DecisionTreeTest;;Throughput;Host;Host;Host;Classic;Host;;2;Result;10;264588164.89;256;1033547.52
AccordTest.DecisionTreeTest;AccordTest;DecisionTreeTest;;Throughput;Host;Host;Host;Classic;Host;;2;Result;11;258942241.74;256;1011493.13
AccordTest.DecisionTreeTest;AccordTest;DecisionTreeTest;;Throughput;Host;Host;Host;Classic;Host;;2;Result;12;259216237.7;256;1012563.43
AccordTest.DecisionTreeTest;AccordTest;DecisionTreeTest;;Throughput;Host;Host;Host;Classic;Host;;2;Result;13;260389422.33;256;1017146.18
AccordTest.DecisionTreeTest;AccordTest;DecisionTreeTest;;Throughput;Host;Host;Host;Classic;Host;;2;Result;14;263003093.83;256;1027355.84
AccordTest.DecisionTreeTest;AccordTest;DecisionTreeTest;;Throughput;Host;Host;Host;Classic;Host;;2;Result;15;258401836.04;256;1009382.17
AccordTest.DecisionTreeTest;AccordTest;DecisionTreeTest;;Throughput;Host;Host;Host;Classic;Host;;2;Result;16;269531248.26;256;1052856.44
AccordTest.DecisionTreeTest;AccordTest;DecisionTreeTest;;Throughput;Host;Host;Host;Classic;Host;;2;Result;17;258405852.27;256;1009397.86
AccordTest.DecisionTreeTest;AccordTest;DecisionTreeTest;;Throughput;Host;Host;Host;Classic;Host;;2;Result;18;259819118.05;256;1014918.43
AccordTest.DecisionTreeTest;AccordTest;DecisionTreeTest;;Throughput;Host;Host;Host;Classic;Host;;2;Result;19;262289544.11;256;1024568.53
AccordTest.KNNTest;AccordTest;KNNTest;;Throughput;Host;Host;Host;Classic;Host;;1;Pilot;1;1473062.94;4;368265.74
AccordTest.KNNTest;AccordTest;KNNTest;;Throughput;Host;Host;Host;Classic;Host;;1;Pilot;2;1225395.59;8;153174.45
AccordTest.KNNTest;AccordTest;KNNTest;;Throughput;Host;Host;Host;Classic;Host;;1;Pilot;3;2753793.22;16;172112.08
AccordTest.KNNTest;AccordTest;KNNTest;;Throughput;Host;Host;Host;Classic;Host;;1;Pilot;4;6496917.1;32;203028.66
AccordTest.KNNTest;AccordTest;KNNTest;;Throughput;Host;Host;Host;Classic;Host;;1;Pilot;5;11014726.61;64;172105.1
AccordTest.KNNTest;AccordTest;KNNTest;;Throughput;Host;Host;Host;Classic;Host;;1;Pilot;6;20294443.01;128;158550.34
AccordTest.KNNTest;AccordTest;KNNTest;;Throughput;Host;Host;Host;Classic;Host;;1;Pilot;7;42405113.28;256;165644.97
AccordTest.KNNTest;AccordTest;KNNTest;;Throughput;Host;Host;Host;Classic;Host;;1;Pilot;8;80034486.01;512;156317.36
AccordTest.KNNTest;AccordTest;KNNTest;;Throughput;Host;Host;Host;Classic;Host;;1;Pilot;9;155556517.47;1024;151910.66
AccordTest.KNNTest;AccordTest;KNNTest;;Throughput;Host;Host;Host;Classic;Host;;1;Pilot;10;321305773.68;2048;156887.58
AccordTest.KNNTest;AccordTest;KNNTest;;Throughput;Host;Host;Host;Classic;Host;;1;IdleWarmup;1;8032.45;2048;3.92
AccordTest.KNNTest;AccordTest;KNNTest;;Throughput;Host;Host;Host;Classic;Host;;1;IdleWarmup;2;8032.45;2048;3.92
AccordTest.KNNTest;AccordTest;KNNTest;;Throughput;Host;Host;Host;Classic;Host;;1;IdleWarmup;3;5801.22;2048;2.83
AccordTest.KNNTest;AccordTest;KNNTest;;Throughput;Host;Host;Host;Classic;Host;;1;IdleWarmup;4;5801.22;2048;2.83
AccordTest.KNNTest;AccordTest;KNNTest;;Throughput;Host;Host;Host;Classic;Host;;1;IdleWarmup;5;5354.97;2048;2.61
AccordTest.KNNTest;AccordTest;KNNTest;;Throughput;Host;Host;Host;Classic;Host;;1;IdleWarmup;6;5354.97;2048;2.61
AccordTest.KNNTest;AccordTest;KNNTest;;Throughput;Host;Host;Host;Classic;Host;;1;IdleTarget;1;5354.97;2048;2.61
AccordTest.KNNTest;AccordTest;KNNTest;;Throughput;Host;Host;Host;Classic;Host;;1;IdleTarget;2;4908.72;2048;2.4
AccordTest.KNNTest;AccordTest;KNNTest;;Throughput;Host;Host;Host;Classic;Host;;1;IdleTarget;3;4908.72;2048;2.4
AccordTest.KNNTest;AccordTest;KNNTest;;Throughput;Host;Host;Host;Classic;Host;;1;IdleTarget;4;6247.46;2048;3.05
AccordTest.KNNTest;AccordTest;KNNTest;;Throughput;Host;Host;Host;Classic;Host;;1;IdleTarget;5;5801.22;2048;2.83
AccordTest.KNNTest;AccordTest;KNNTest;;Throughput;Host;Host;Host;Classic;Host;;1;IdleTarget;6;7586.21;2048;3.7
AccordTest.KNNTest;AccordTest;KNNTest;;Throughput;Host;Host;Host;Classic;Host;;1;IdleTarget;7;5354.97;2048;2.61
AccordTest.KNNTest;AccordTest;KNNTest;;Throughput;Host;Host;Host;Classic;Host;;1;IdleTarget;8;5354.97;2048;2.61
AccordTest.KNNTest;AccordTest;KNNTest;;Throughput;Host;Host;Host;Classic;Host;;1;IdleTarget;9;5801.22;2048;2.83
AccordTest.KNNTest;AccordTest;KNNTest;;Throughput;Host;Host;Host;Classic;Host;;1;IdleTarget;10;5354.97;2048;2.61
AccordTest.KNNTest;AccordTest;KNNTest;;Throughput;Host;Host;Host;Classic;Host;;1;MainWarmup;1;318423907.44;2048;155480.42
AccordTest.KNNTest;AccordTest;KNNTest;;Throughput;Host;Host;Host;Classic;Host;;1;MainWarmup;2;351979486.9;2048;171864.98
AccordTest.KNNTest;AccordTest;KNNTest;;Throughput;Host;Host;Host;Classic;Host;;1;MainWarmup;3;401541517.3;2048;196065.19
AccordTest.KNNTest;AccordTest;KNNTest;;Throughput;Host;Host;Host;Classic;Host;;1;MainWarmup;4;346467437.99;2048;169173.55
AccordTest.KNNTest;AccordTest;KNNTest;;Throughput;Host;Host;Host;Classic;Host;;1;MainWarmup;5;313180053.27;2048;152919.95
AccordTest.KNNTest;AccordTest;KNNTest;;Throughput;Host;Host;Host;Classic;Host;;1;MainWarmup;6;344686018.04;2048;168303.72
AccordTest.KNNTest;AccordTest;KNNTest;;Throughput;Host;Host;Host;Classic;Host;;1;MainTarget;1;406277095.59;2048;198377.49
AccordTest.KNNTest;AccordTest;KNNTest;;Throughput;Host;Host;Host;Classic;Host;;1;MainTarget;2;329234252.71;2048;160758.91
AccordTest.KNNTest;AccordTest;KNNTest;;Throughput;Host;Host;Host;Classic;Host;;1;MainTarget;3;307939769.08;2048;150361.22
AccordTest.KNNTest;AccordTest;KNNTest;;Throughput;Host;Host;Host;Classic;Host;;1;MainTarget;4;363423057.34;2048;177452.66
AccordTest.KNNTest;AccordTest;KNNTest;;Throughput;Host;Host;Host;Classic;Host;;1;MainTarget;5;314211777.45;2048;153423.72
AccordTest.KNNTest;AccordTest;KNNTest;;Throughput;Host;Host;Host;Classic;Host;;1;MainTarget;6;311672629.28;2048;152183.9
AccordTest.KNNTest;AccordTest;KNNTest;;Throughput;Host;Host;Host;Classic;Host;;1;MainTarget;7;365529791.71;2048;178481.34
AccordTest.KNNTest;AccordTest;KNNTest;;Throughput;Host;Host;Host;Classic;Host;;1;MainTarget;8;403292146.18;2048;196919.99
AccordTest.KNNTest;AccordTest;KNNTest;;Throughput;Host;Host;Host;Classic;Host;;1;MainTarget;9;351631860.11;2048;171695.24
AccordTest.KNNTest;AccordTest;KNNTest;;Throughput;Host;Host;Host;Classic;Host;;1;MainTarget;10;436264926.42;2048;213019.98
AccordTest.KNNTest;AccordTest;KNNTest;;Throughput;Host;Host;Host;Classic;Host;;1;MainTarget;11;472734501.94;2048;230827.39
AccordTest.KNNTest;AccordTest;KNNTest;;Throughput;Host;Host;Host;Classic;Host;;1;MainTarget;12;371528696.61;2048;181410.5
AccordTest.KNNTest;AccordTest;KNNTest;;Throughput;Host;Host;Host;Classic;Host;;1;MainTarget;13;344900216.83;2048;168408.31
AccordTest.KNNTest;AccordTest;KNNTest;;Throughput;Host;Host;Host;Classic;Host;;1;MainTarget;14;314092183.13;2048;153365.32
AccordTest.KNNTest;AccordTest;KNNTest;;Throughput;Host;Host;Host;Classic;Host;;1;MainTarget;15;314104231.81;2048;153371.21
AccordTest.KNNTest;AccordTest;KNNTest;;Throughput;Host;Host;Host;Classic;Host;;1;MainTarget;16;319718917.64;2048;156112.75
AccordTest.KNNTest;AccordTest;KNNTest;;Throughput;Host;Host;Host;Classic;Host;;1;MainTarget;17;323129140.9;2048;157777.9
AccordTest.KNNTest;AccordTest;KNNTest;;Throughput;Host;Host;Host;Classic;Host;;1;MainTarget;18;323752548.63;2048;158082.3
AccordTest.KNNTest;AccordTest;KNNTest;;Throughput;Host;Host;Host;Classic;Host;;1;MainTarget;19;328941514.36;2048;160615.97
AccordTest.KNNTest;AccordTest;KNNTest;;Throughput;Host;Host;Host;Classic;Host;;1;MainTarget;20;312438389.96;2048;152557.81
AccordTest.KNNTest;AccordTest;KNNTest;;Throughput;Host;Host;Host;Classic;Host;;1;MainTarget;21;314347882.94;2048;153490.18
AccordTest.KNNTest;AccordTest;KNNTest;;Throughput;Host;Host;Host;Classic;Host;;1;MainTarget;22;337503664.81;2048;164796.71
AccordTest.KNNTest;AccordTest;KNNTest;;Throughput;Host;Host;Host;Classic;Host;;1;MainTarget;23;353270927.11;2048;172495.57
AccordTest.KNNTest;AccordTest;KNNTest;;Throughput;Host;Host;Host;Classic;Host;;1;MainTarget;24;336571900.06;2048;164341.75
AccordTest.KNNTest;AccordTest;KNNTest;;Throughput;Host;Host;Host;Classic;Host;;1;MainTarget;25;318864799.95;2048;155695.7
AccordTest.KNNTest;AccordTest;KNNTest;;Throughput;Host;Host;Host;Classic;Host;;1;MainTarget;26;345402245.25;2048;168653.44
AccordTest.KNNTest;AccordTest;KNNTest;;Throughput;Host;Host;Host;Classic;Host;;1;MainTarget;27;334600378.69;2048;163379.09
AccordTest.KNNTest;AccordTest;KNNTest;;Throughput;Host;Host;Host;Classic;Host;;1;MainTarget;28;326936078.17;2048;159636.76
AccordTest.KNNTest;AccordTest;KNNTest;;Throughput;Host;Host;Host;Classic;Host;;1;MainTarget;29;374959893.51;2048;183085.89
AccordTest.KNNTest;AccordTest;KNNTest;;Throughput;Host;Host;Host;Classic;Host;;1;MainTarget;30;321507923.79;2048;156986.29
AccordTest.KNNTest;AccordTest;KNNTest;;Throughput;Host;Host;Host;Classic;Host;;1;MainTarget;31;342924232.98;2048;167443.47
AccordTest.KNNTest;AccordTest;KNNTest;;Throughput;Host;Host;Host;Classic;Host;;1;MainTarget;32;444513364.89;2048;217047.54
AccordTest.KNNTest;AccordTest;KNNTest;;Throughput;Host;Host;Host;Classic;Host;;1;MainTarget;33;463840343.36;2048;226484.54
AccordTest.KNNTest;AccordTest;KNNTest;;Throughput;Host;Host;Host;Classic;Host;;1;MainTarget;34;352273117.74;2048;172008.36
AccordTest.KNNTest;AccordTest;KNNTest;;Throughput;Host;Host;Host;Classic;Host;;1;MainTarget;35;339686707.49;2048;165862.65
AccordTest.KNNTest;AccordTest;KNNTest;;Throughput;Host;Host;Host;Classic;Host;;1;MainTarget;36;342311088.94;2048;167144.09
AccordTest.KNNTest;AccordTest;KNNTest;;Throughput;Host;Host;Host;Classic;Host;;1;MainTarget;37;400967196.79;2048;195784.76
AccordTest.KNNTest;AccordTest;KNNTest;;Throughput;Host;Host;Host;Classic;Host;;1;MainTarget;38;369414376.04;2048;180378.11
AccordTest.KNNTest;AccordTest;KNNTest;;Throughput;Host;Host;Host;Classic;Host;;1;MainTarget;39;322007720.97;2048;157230.33
AccordTest.KNNTest;AccordTest;KNNTest;;Throughput;Host;Host;Host;Classic;Host;;1;MainTarget;40;319997376.06;2048;156248.72
AccordTest.KNNTest;AccordTest;KNNTest;;Throughput;Host;Host;Host;Classic;Host;;1;MainTarget;41;315011452.94;2048;153814.19
AccordTest.KNNTest;AccordTest;KNNTest;;Throughput;Host;Host;Host;Classic;Host;;1;MainTarget;42;312218389.95;2048;152450.39
AccordTest.KNNTest;AccordTest;KNNTest;;Throughput;Host;Host;Host;Classic;Host;;1;MainTarget;43;368053321.22;2048;179713.54
AccordTest.KNNTest;AccordTest;KNNTest;;Throughput;Host;Host;Host;Classic;Host;;1;MainTarget;44;386076810.79;2048;188514.07
AccordTest.KNNTest;AccordTest;KNNTest;;Throughput;Host;Host;Host;Classic;Host;;1;MainTarget;45;322840865.02;2048;157637.14
AccordTest.KNNTest;AccordTest;KNNTest;;Throughput;Host;Host;Host;Classic;Host;;1;MainTarget;46;313282690.19;2048;152970.06
AccordTest.KNNTest;AccordTest;KNNTest;;Throughput;Host;Host;Host;Classic;Host;;1;MainTarget;47;323196970.52;2048;157811.02
AccordTest.KNNTest;AccordTest;KNNTest;;Throughput;Host;Host;Host;Classic;Host;;1;MainTarget;48;449485900.59;2048;219475.54
AccordTest.KNNTest;AccordTest;KNNTest;;Throughput;Host;Host;Host;Classic;Host;;1;MainTarget;49;412310361.55;2048;201323.42
AccordTest.KNNTest;AccordTest;KNNTest;;Throughput;Host;Host;Host;Classic;Host;;1;MainTarget;50;324649952.32;2048;158520.48
AccordTest.KNNTest;AccordTest;KNNTest;;Throughput;Host;Host;Host;Classic;Host;;1;MainTarget;51;326474212.03;2048;159411.24
AccordTest.KNNTest;AccordTest;KNNTest;;Throughput;Host;Host;Host;Classic;Host;;1;MainTarget;52;339570683.15;2048;165806
AccordTest.KNNTest;AccordTest;KNNTest;;Throughput;Host;Host;Host;Classic;Host;;1;MainTarget;53;352206626.86;2048;171975.89
AccordTest.KNNTest;AccordTest;KNNTest;;Throughput;Host;Host;Host;Classic;Host;;1;MainTarget;54;374378879.29;2048;182802.19
AccordTest.KNNTest;AccordTest;KNNTest;;Throughput;Host;Host;Host;Classic;Host;;1;MainTarget;55;327894617.76;2048;160104.79
AccordTest.KNNTest;AccordTest;KNNTest;;Throughput;Host;Host;Host;Classic;Host;;1;MainTarget;56;318375712.71;2048;155456.89
AccordTest.KNNTest;AccordTest;KNNTest;;Throughput;Host;Host;Host;Classic;Host;;1;MainTarget;57;329748329.81;2048;161009.93
AccordTest.KNNTest;AccordTest;KNNTest;;Throughput;Host;Host;Host;Classic;Host;;1;MainTarget;58;324557132.84;2048;158475.16
AccordTest.KNNTest;AccordTest;KNNTest;;Throughput;Host;Host;Host;Classic;Host;;1;MainTarget;59;325456767.77;2048;158914.44
AccordTest.KNNTest;AccordTest;KNNTest;;Throughput;Host;Host;Host;Classic;Host;;1;MainTarget;60;341801474.31;2048;166895.25
AccordTest.KNNTest;AccordTest;KNNTest;;Throughput;Host;Host;Host;Classic;Host;;1;MainTarget;61;365075065.52;2048;178259.31
AccordTest.KNNTest;AccordTest;KNNTest;;Throughput;Host;Host;Host;Classic;Host;;1;MainTarget;62;340203015.83;2048;166114.75
AccordTest.KNNTest;AccordTest;KNNTest;;Throughput;Host;Host;Host;Classic;Host;;1;MainTarget;63;378219285.12;2048;184677.39
AccordTest.KNNTest;AccordTest;KNNTest;;Throughput;Host;Host;Host;Classic;Host;;1;MainTarget;64;400456243.43;2048;195535.28
AccordTest.KNNTest;AccordTest;KNNTest;;Throughput;Host;Host;Host;Classic;Host;;1;MainTarget;65;417314134.58;2048;203766.67
AccordTest.KNNTest;AccordTest;KNNTest;;Throughput;Host;Host;Host;Classic;Host;;1;MainTarget;66;399580705.87;2048;195107.77
AccordTest.KNNTest;AccordTest;KNNTest;;Throughput;Host;Host;Host;Classic;Host;;1;MainTarget;67;337050723.61;2048;164575.55
AccordTest.KNNTest;AccordTest;KNNTest;;Throughput;Host;Host;Host;Classic;Host;;1;MainTarget;68;350837093.34;2048;171307.17
AccordTest.KNNTest;AccordTest;KNNTest;;Throughput;Host;Host;Host;Classic;Host;;1;MainTarget;69;341493563.55;2048;166744.9
AccordTest.KNNTest;AccordTest;KNNTest;;Throughput;Host;Host;Host;Classic;Host;;1;MainTarget;70;321905976.55;2048;157180.65
AccordTest.KNNTest;AccordTest;KNNTest;;Throughput;Host;Host;Host;Classic;Host;;1;MainTarget;71;321396808.17;2048;156932.04
AccordTest.KNNTest;AccordTest;KNNTest;;Throughput;Host;Host;Host;Classic;Host;;1;MainTarget;72;362302083.66;2048;176905.31
AccordTest.KNNTest;AccordTest;KNNTest;;Throughput;Host;Host;Host;Classic;Host;;1;MainTarget;73;368280461.19;2048;179824.44
AccordTest.KNNTest;AccordTest;KNNTest;;Throughput;Host;Host;Host;Classic;Host;;1;MainTarget;74;326455023.39;2048;159401.87
AccordTest.KNNTest;AccordTest;KNNTest;;Throughput;Host;Host;Host;Classic;Host;;1;MainTarget;75;378982368.32;2048;185049.98
AccordTest.KNNTest;AccordTest;KNNTest;;Throughput;Host;Host;Host;Classic;Host;;1;MainTarget;76;344095632.62;2048;168015.45
AccordTest.KNNTest;AccordTest;KNNTest;;Throughput;Host;Host;Host;Classic;Host;;1;MainTarget;77;358587519.62;2048;175091.56
AccordTest.KNNTest;AccordTest;KNNTest;;Throughput;Host;Host;Host;Classic;Host;;1;MainTarget;78;334309871.57;2048;163237.24
AccordTest.KNNTest;AccordTest;KNNTest;;Throughput;Host;Host;Host;Classic;Host;;1;Result;1;406271740.62;2048;198374.87
AccordTest.KNNTest;AccordTest;KNNTest;;Throughput;Host;Host;Host;Classic;Host;;1;Result;2;329228897.74;2048;160756.3
AccordTest.KNNTest;AccordTest;KNNTest;;Throughput;Host;Host;Host;Classic;Host;;1;Result;3;307934414.11;2048;150358.6
AccordTest.KNNTest;AccordTest;KNNTest;;Throughput;Host;Host;Host;Classic;Host;;1;Result;4;363417702.37;2048;177450.05
AccordTest.KNNTest;AccordTest;KNNTest;;Throughput;Host;Host;Host;Classic;Host;;1;Result;5;314206422.48;2048;153421.1
AccordTest.KNNTest;AccordTest;KNNTest;;Throughput;Host;Host;Host;Classic;Host;;1;Result;6;311667274.31;2048;152181.29
AccordTest.KNNTest;AccordTest;KNNTest;;Throughput;Host;Host;Host;Classic;Host;;1;Result;7;365524436.74;2048;178478.73
AccordTest.KNNTest;AccordTest;KNNTest;;Throughput;Host;Host;Host;Classic;Host;;1;Result;8;403286791.21;2048;196917.38
AccordTest.KNNTest;AccordTest;KNNTest;;Throughput;Host;Host;Host;Classic;Host;;1;Result;9;351626505.14;2048;171692.63
AccordTest.KNNTest;AccordTest;KNNTest;;Throughput;Host;Host;Host;Classic;Host;;1;Result;10;436259571.45;2048;213017.37
AccordTest.KNNTest;AccordTest;KNNTest;;Throughput;Host;Host;Host;Classic;Host;;1;Result;11;472729146.97;2048;230824.78
AccordTest.KNNTest;AccordTest;KNNTest;;Throughput;Host;Host;Host;Classic;Host;;1;Result;12;371523341.64;2048;181407.88
AccordTest.KNNTest;AccordTest;KNNTest;;Throughput;Host;Host;Host;Classic;Host;;1;Result;13;344894861.86;2048;168405.69
AccordTest.KNNTest;AccordTest;KNNTest;;Throughput;Host;Host;Host;Classic;Host;;1;Result;14;314086828.16;2048;153362.71
AccordTest.KNNTest;AccordTest;KNNTest;;Throughput;Host;Host;Host;Classic;Host;;1;Result;15;314098876.84;2048;153368.59
AccordTest.KNNTest;AccordTest;KNNTest;;Throughput;Host;Host;Host;Classic;Host;;1;Result;16;319713562.67;2048;156110.14
AccordTest.KNNTest;AccordTest;KNNTest;;Throughput;Host;Host;Host;Classic;Host;;1;Result;17;323123785.93;2048;157775.29
AccordTest.KNNTest;AccordTest;KNNTest;;Throughput;Host;Host;Host;Classic;Host;;1;Result;18;323747193.66;2048;158079.68
AccordTest.KNNTest;AccordTest;KNNTest;;Throughput;Host;Host;Host;Classic;Host;;1;Result;19;328936159.39;2048;160613.36
AccordTest.KNNTest;AccordTest;KNNTest;;Throughput;Host;Host;Host;Classic;Host;;1;Result;20;312433034.99;2048;152555.19
AccordTest.KNNTest;AccordTest;KNNTest;;Throughput;Host;Host;Host;Classic;Host;;1;Result;21;314342527.97;2048;153487.56
AccordTest.KNNTest;AccordTest;KNNTest;;Throughput;Host;Host;Host;Classic;Host;;1;Result;22;337498309.84;2048;164794.1
AccordTest.KNNTest;AccordTest;KNNTest;;Throughput;Host;Host;Host;Classic;Host;;1;Result;23;353265572.14;2048;172492.96
AccordTest.KNNTest;AccordTest;KNNTest;;Throughput;Host;Host;Host;Classic;Host;;1;Result;24;336566545.09;2048;164339.13
AccordTest.KNNTest;AccordTest;KNNTest;;Throughput;Host;Host;Host;Classic;Host;;1;Result;25;318859444.98;2048;155693.09
AccordTest.KNNTest;AccordTest;KNNTest;;Throughput;Host;Host;Host;Classic;Host;;1;Result;26;345396890.28;2048;168650.83
AccordTest.KNNTest;AccordTest;KNNTest;;Throughput;Host;Host;Host;Classic;Host;;1;Result;27;334595023.72;2048;163376.48
AccordTest.KNNTest;AccordTest;KNNTest;;Throughput;Host;Host;Host;Classic;Host;;1;Result;28;326930723.2;2048;159634.14
AccordTest.KNNTest;AccordTest;KNNTest;;Throughput;Host;Host;Host;Classic;Host;;1;Result;29;374954538.54;2048;183083.27
AccordTest.KNNTest;AccordTest;KNNTest;;Throughput;Host;Host;Host;Classic;Host;;1;Result;30;321502568.82;2048;156983.68
AccordTest.KNNTest;AccordTest;KNNTest;;Throughput;Host;Host;Host;Classic;Host;;1;Result;31;342918878.01;2048;167440.86
AccordTest.KNNTest;AccordTest;KNNTest;;Throughput;Host;Host;Host;Classic;Host;;1;Result;32;444508009.92;2048;217044.93
AccordTest.KNNTest;AccordTest;KNNTest;;Throughput;Host;Host;Host;Classic;Host;;1;Result;33;463834988.39;2048;226481.93
AccordTest.KNNTest;AccordTest;KNNTest;;Throughput;Host;Host;Host;Classic;Host;;1;Result;34;352267762.77;2048;172005.74
AccordTest.KNNTest;AccordTest;KNNTest;;Throughput;Host;Host;Host;Classic;Host;;1;Result;35;339681352.52;2048;165860.04
AccordTest.KNNTest;AccordTest;KNNTest;;Throughput;Host;Host;Host;Classic;Host;;1;Result;36;342305733.97;2048;167141.47
AccordTest.KNNTest;AccordTest;KNNTest;;Throughput;Host;Host;Host;Classic;Host;;1;Result;37;400961841.82;2048;195782.15
AccordTest.KNNTest;AccordTest;KNNTest;;Throughput;Host;Host;Host;Classic;Host;;1;Result;38;369409021.07;2048;180375.5
AccordTest.KNNTest;AccordTest;KNNTest;;Throughput;Host;Host;Host;Classic;Host;;1;Result;39;322002366;2048;157227.72
AccordTest.KNNTest;AccordTest;KNNTest;;Throughput;Host;Host;Host;Classic;Host;;1;Result;40;319992021.1;2048;156246.1
AccordTest.KNNTest;AccordTest;KNNTest;;Throughput;Host;Host;Host;Classic;Host;;1;Result;41;315006097.97;2048;153811.57
AccordTest.KNNTest;AccordTest;KNNTest;;Throughput;Host;Host;Host;Classic;Host;;1;Result;42;312213034.98;2048;152447.77
AccordTest.KNNTest;AccordTest;KNNTest;;Throughput;Host;Host;Host;Classic;Host;;1;Result;43;368047966.25;2048;179710.92
AccordTest.KNNTest;AccordTest;KNNTest;;Throughput;Host;Host;Host;Classic;Host;;1;Result;44;386071455.82;2048;188511.45
AccordTest.KNNTest;AccordTest;KNNTest;;Throughput;Host;Host;Host;Classic;Host;;1;Result;45;322835510.05;2048;157634.53
AccordTest.KNNTest;AccordTest;KNNTest;;Throughput;Host;Host;Host;Classic;Host;;1;Result;46;313277335.22;2048;152967.45
AccordTest.KNNTest;AccordTest;KNNTest;;Throughput;Host;Host;Host;Classic;Host;;1;Result;47;323191615.55;2048;157808.41
AccordTest.KNNTest;AccordTest;KNNTest;;Throughput;Host;Host;Host;Classic;Host;;1;Result;48;449480545.62;2048;219472.92
AccordTest.KNNTest;AccordTest;KNNTest;;Throughput;Host;Host;Host;Classic;Host;;1;Result;49;412305006.58;2048;201320.8
AccordTest.KNNTest;AccordTest;KNNTest;;Throughput;Host;Host;Host;Classic;Host;;1;Result;50;324644597.35;2048;158517.87
AccordTest.KNNTest;AccordTest;KNNTest;;Throughput;Host;Host;Host;Classic;Host;;1;Result;51;326468857.06;2048;159408.62
AccordTest.KNNTest;AccordTest;KNNTest;;Throughput;Host;Host;Host;Classic;Host;;1;Result;52;339565328.18;2048;165803.38
AccordTest.KNNTest;AccordTest;KNNTest;;Throughput;Host;Host;Host;Classic;Host;;1;Result;53;352201271.89;2048;171973.28
AccordTest.KNNTest;AccordTest;KNNTest;;Throughput;Host;Host;Host;Classic;Host;;1;Result;54;374373524.32;2048;182799.57
AccordTest.KNNTest;AccordTest;KNNTest;;Throughput;Host;Host;Host;Classic;Host;;1;Result;55;327889262.79;2048;160102.18
AccordTest.KNNTest;AccordTest;KNNTest;;Throughput;Host;Host;Host;Classic;Host;;1;Result;56;318370357.74;2048;155454.28
AccordTest.KNNTest;AccordTest;KNNTest;;Throughput;Host;Host;Host;Classic;Host;;1;Result;57;329742974.84;2048;161007.31
AccordTest.KNNTest;AccordTest;KNNTest;;Throughput;Host;Host;Host;Classic;Host;;1;Result;58;324551777.87;2048;158472.55
AccordTest.KNNTest;AccordTest;KNNTest;;Throughput;Host;Host;Host;Classic;Host;;1;Result;59;325451412.8;2048;158911.82
AccordTest.KNNTest;AccordTest;KNNTest;;Throughput;Host;Host;Host;Classic;Host;;1;Result;60;341796119.34;2048;166892.64
AccordTest.KNNTest;AccordTest;KNNTest;;Throughput;Host;Host;Host;Classic;Host;;1;Result;61;365069710.55;2048;178256.69
AccordTest.KNNTest;AccordTest;KNNTest;;Throughput;Host;Host;Host;Classic;Host;;1;Result;62;340197660.86;2048;166112.14
AccordTest.KNNTest;AccordTest;KNNTest;;Throughput;Host;Host;Host;Classic;Host;;1;Result;63;378213930.15;2048;184674.77
AccordTest.KNNTest;AccordTest;KNNTest;;Throughput;Host;Host;Host;Classic;Host;;1;Result;64;400450888.46;2048;195532.66
AccordTest.KNNTest;AccordTest;KNNTest;;Throughput;Host;Host;Host;Classic;Host;;1;Result;65;417308779.61;2048;203764.05
AccordTest.KNNTest;AccordTest;KNNTest;;Throughput;Host;Host;Host;Classic;Host;;1;Result;66;399575350.9;2048;195105.15
AccordTest.KNNTest;AccordTest;KNNTest;;Throughput;Host;Host;Host;Classic;Host;;1;Result;67;337045368.64;2048;164572.93
AccordTest.KNNTest;AccordTest;KNNTest;;Throughput;Host;Host;Host;Classic;Host;;1;Result;68;350831738.37;2048;171304.56
AccordTest.KNNTest;AccordTest;KNNTest;;Throughput;Host;Host;Host;Classic;Host;;1;Result;69;341488208.58;2048;166742.29
AccordTest.KNNTest;AccordTest;KNNTest;;Throughput;Host;Host;Host;Classic;Host;;1;Result;70;321900621.58;2048;157178.04
AccordTest.KNNTest;AccordTest;KNNTest;;Throughput;Host;Host;Host;Classic;Host;;1;Result;71;321391453.2;2048;156929.42
AccordTest.KNNTest;AccordTest;KNNTest;;Throughput;Host;Host;Host;Classic;Host;;1;Result;72;362296728.69;2048;176902.7
AccordTest.KNNTest;AccordTest;KNNTest;;Throughput;Host;Host;Host;Classic;Host;;1;Result;73;368275106.22;2048;179821.83
AccordTest.KNNTest;AccordTest;KNNTest;;Throughput;Host;Host;Host;Classic;Host;;1;Result;74;326449668.42;2048;159399.25
AccordTest.KNNTest;AccordTest;KNNTest;;Throughput;Host;Host;Host;Classic;Host;;1;Result;75;378977013.35;2048;185047.37
AccordTest.KNNTest;AccordTest;KNNTest;;Throughput;Host;Host;Host;Classic;Host;;1;Result;76;344090277.65;2048;168012.83
AccordTest.KNNTest;AccordTest;KNNTest;;Throughput;Host;Host;Host;Classic;Host;;1;Result;77;358582164.65;2048;175088.95
AccordTest.KNNTest;AccordTest;KNNTest;;Throughput;Host;Host;Host;Classic;Host;;1;Result;78;334304516.6;2048;163234.63
AccordTest.KNNTest;AccordTest;KNNTest;;Throughput;Host;Host;Host;Classic;Host;;2;Pilot;1;2399918.96;4;599979.74
AccordTest.KNNTest;AccordTest;KNNTest;;Throughput;Host;Host;Host;Classic;Host;;2;Pilot;2;2490953.45;8;311369.18
AccordTest.KNNTest;AccordTest;KNNTest;;Throughput;Host;Host;Host;Classic;Host;;2;Pilot;3;5452251.74;16;340765.73
AccordTest.KNNTest;AccordTest;KNNTest;;Throughput;Host;Host;Host;Classic;Host;;2;Pilot;4;5620933.29;32;175654.17
AccordTest.KNNTest;AccordTest;KNNTest;;Throughput;Host;Host;Host;Classic;Host;;2;Pilot;5;10662637.35;64;166603.71
AccordTest.KNNTest;AccordTest;KNNTest;;Throughput;Host;Host;Host;Classic;Host;;2;Pilot;6;20246248.29;128;158173.81
AccordTest.KNNTest;AccordTest;KNNTest;;Throughput;Host;Host;Host;Classic;Host;;2;Pilot;7;40825397.19;256;159474.21
AccordTest.KNNTest;AccordTest;KNNTest;;Throughput;Host;Host;Host;Classic;Host;;2;Pilot;8;82912336.02;512;161938.16
AccordTest.KNNTest;AccordTest;KNNTest;;Throughput;Host;Host;Host;Classic;Host;;2;Pilot;9;178703374.39;1024;174515.01
AccordTest.KNNTest;AccordTest;KNNTest;;Throughput;Host;Host;Host;Classic;Host;;2;Pilot;10;341286058.47;2048;166643.58
AccordTest.KNNTest;AccordTest;KNNTest;;Throughput;Host;Host;Host;Classic;Host;;2;IdleWarmup;1;8032.45;2048;3.92
AccordTest.KNNTest;AccordTest;KNNTest;;Throughput;Host;Host;Host;Classic;Host;;2;IdleWarmup;2;6247.46;2048;3.05
AccordTest.KNNTest;AccordTest;KNNTest;;Throughput;Host;Host;Host;Classic;Host;;2;IdleWarmup;3;5354.97;2048;2.61
AccordTest.KNNTest;AccordTest;KNNTest;;Throughput;Host;Host;Host;Classic;Host;;2;IdleWarmup;4;6247.46;2048;3.05
AccordTest.KNNTest;AccordTest;KNNTest;;Throughput;Host;Host;Host;Classic;Host;;2;IdleWarmup;5;6693.71;2048;3.27
AccordTest.KNNTest;AccordTest;KNNTest;;Throughput;Host;Host;Host;Classic;Host;;2;IdleWarmup;6;7586.21;2048;3.7
AccordTest.KNNTest;AccordTest;KNNTest;;Throughput;Host;Host;Host;Classic;Host;;2;IdleTarget;1;4908.72;2048;2.4
AccordTest.KNNTest;AccordTest;KNNTest;;Throughput;Host;Host;Host;Classic;Host;;2;IdleTarget;2;5801.22;2048;2.83
AccordTest.KNNTest;AccordTest;KNNTest;;Throughput;Host;Host;Host;Classic;Host;;2;IdleTarget;3;4908.72;2048;2.4
AccordTest.KNNTest;AccordTest;KNNTest;;Throughput;Host;Host;Host;Classic;Host;;2;IdleTarget;4;5801.22;2048;2.83
AccordTest.KNNTest;AccordTest;KNNTest;;Throughput;Host;Host;Host;Classic;Host;;2;IdleTarget;5;5801.22;2048;2.83
AccordTest.KNNTest;AccordTest;KNNTest;;Throughput;Host;Host;Host;Classic;Host;;2;IdleTarget;6;5354.97;2048;2.61
AccordTest.KNNTest;AccordTest;KNNTest;;Throughput;Host;Host;Host;Classic;Host;;2;IdleTarget;7;5801.22;2048;2.83
AccordTest.KNNTest;AccordTest;KNNTest;;Throughput;Host;Host;Host;Classic;Host;;2;IdleTarget;8;5354.97;2048;2.61
AccordTest.KNNTest;AccordTest;KNNTest;;Throughput;Host;Host;Host;Classic;Host;;2;IdleTarget;9;6247.46;2048;3.05
AccordTest.KNNTest;AccordTest;KNNTest;;Throughput;Host;Host;Host;Classic;Host;;2;IdleTarget;10;5801.22;2048;2.83
AccordTest.KNNTest;AccordTest;KNNTest;;Throughput;Host;Host;Host;Classic;Host;;2;MainWarmup;1;326566139.01;2048;159456.12
AccordTest.KNNTest;AccordTest;KNNTest;;Throughput;Host;Host;Host;Classic;Host;;2;MainWarmup;2;341495794.79;2048;166745.99
AccordTest.KNNTest;AccordTest;KNNTest;;Throughput;Host;Host;Host;Classic;Host;;2;MainWarmup;3;338823218.61;2048;165441.02
AccordTest.KNNTest;AccordTest;KNNTest;;Throughput;Host;Host;Host;Classic;Host;;2;MainWarmup;4;460395759.04;2048;224802.62
AccordTest.KNNTest;AccordTest;KNNTest;;Throughput;Host;Host;Host;Classic;Host;;2;MainWarmup;5;410973850.34;2048;200670.83
AccordTest.KNNTest;AccordTest;KNNTest;;Throughput;Host;Host;Host;Classic;Host;;2;MainWarmup;6;327980297.28;2048;160146.63
AccordTest.KNNTest;AccordTest;KNNTest;;Throughput;Host;Host;Host;Classic;Host;;2;MainWarmup;7;344465571.78;2048;168196.08
AccordTest.KNNTest;AccordTest;KNNTest;;Throughput;Host;Host;Host;Classic;Host;;2;MainTarget;1;333379891.82;2048;162783.15
AccordTest.KNNTest;AccordTest;KNNTest;;Throughput;Host;Host;Host;Classic;Host;;2;MainTarget;2;398899732.21;2048;194775.26
AccordTest.KNNTest;AccordTest;KNNTest;;Throughput;Host;Host;Host;Classic;Host;;2;MainTarget;3;317942406.41;2048;155245.32
AccordTest.KNNTest;AccordTest;KNNTest;;Throughput;Host;Host;Host;Classic;Host;;2;MainTarget;4;337318025.85;2048;164706.07
AccordTest.KNNTest;AccordTest;KNNTest;;Throughput;Host;Host;Host;Classic;Host;;2;MainTarget;5;347767803.15;2048;169808.5
AccordTest.KNNTest;AccordTest;KNNTest;;Throughput;Host;Host;Host;Classic;Host;;2;MainTarget;6;335375956.81;2048;163757.79
AccordTest.KNNTest;AccordTest;KNNTest;;Throughput;Host;Host;Host;Classic;Host;;2;MainTarget;7;356605734.55;2048;174123.89
AccordTest.KNNTest;AccordTest;KNNTest;;Throughput;Host;Host;Host;Classic;Host;;2;MainTarget;8;339840216.63;2048;165937.61
AccordTest.KNNTest;AccordTest;KNNTest;;Throughput;Host;Host;Host;Classic;Host;;2;MainTarget;9;324910560.85;2048;158647.73
AccordTest.KNNTest;AccordTest;KNNTest;;Throughput;Host;Host;Host;Classic;Host;;2;MainTarget;10;316266747.11;2048;154427.12
AccordTest.KNNTest;AccordTest;KNNTest;;Throughput;Host;Host;Host;Classic;Host;;2;MainTarget;11;316176158.87;2048;154382.89
AccordTest.KNNTest;AccordTest;KNNTest;;Throughput;Host;Host;Host;Classic;Host;;2;MainTarget;12;317144069.66;2048;154855.5
AccordTest.KNNTest;AccordTest;KNNTest;;Throughput;Host;Host;Host;Classic;Host;;2;MainTarget;13;328218147.19;2048;160262.77
AccordTest.KNNTest;AccordTest;KNNTest;;Throughput;Host;Host;Host;Classic;Host;;2;MainTarget;14;335047518.66;2048;163597.42
AccordTest.KNNTest;AccordTest;KNNTest;;Throughput;Host;Host;Host;Classic;Host;;2;MainTarget;15;316492994.58;2048;154537.6
AccordTest.KNNTest;AccordTest;KNNTest;;Throughput;Host;Host;Host;Classic;Host;;2;MainTarget;16;317669749.2;2048;155112.18
AccordTest.KNNTest;AccordTest;KNNTest;;Throughput;Host;Host;Host;Classic;Host;;2;MainTarget;17;318217294.86;2048;155379.54
AccordTest.KNNTest;AccordTest;KNNTest;;Throughput;Host;Host;Host;Classic;Host;;2;Result;1;333374090.6;2048;162780.32
AccordTest.KNNTest;AccordTest;KNNTest;;Throughput;Host;Host;Host;Classic;Host;;2;Result;2;398893930.99;2048;194772.43
AccordTest.KNNTest;AccordTest;KNNTest;;Throughput;Host;Host;Host;Classic;Host;;2;Result;3;317936605.19;2048;155242.48
AccordTest.KNNTest;AccordTest;KNNTest;;Throughput;Host;Host;Host;Classic;Host;;2;Result;4;337312224.64;2048;164703.23
AccordTest.KNNTest;AccordTest;KNNTest;;Throughput;Host;Host;Host;Classic;Host;;2;Result;5;347762001.94;2048;169805.67
AccordTest.KNNTest;AccordTest;KNNTest;;Throughput;Host;Host;Host;Classic;Host;;2;Result;6;335370155.59;2048;163754.96
AccordTest.KNNTest;AccordTest;KNNTest;;Throughput;Host;Host;Host;Classic;Host;;2;Result;7;356599933.33;2048;174121.06
AccordTest.KNNTest;AccordTest;KNNTest;;Throughput;Host;Host;Host;Classic;Host;;2;Result;8;339834415.41;2048;165934.77
AccordTest.KNNTest;AccordTest;KNNTest;;Throughput;Host;Host;Host;Classic;Host;;2;Result;9;324904759.63;2048;158644.9
AccordTest.KNNTest;AccordTest;KNNTest;;Throughput;Host;Host;Host;Classic;Host;;2;Result;10;316260945.89;2048;154424.29
AccordTest.KNNTest;AccordTest;KNNTest;;Throughput;Host;Host;Host;Classic;Host;;2;Result;11;316170357.65;2048;154380.06
AccordTest.KNNTest;AccordTest;KNNTest;;Throughput;Host;Host;Host;Classic;Host;;2;Result;12;317138268.44;2048;154852.67
AccordTest.KNNTest;AccordTest;KNNTest;;Throughput;Host;Host;Host;Classic;Host;;2;Result;13;328212345.97;2048;160259.93
AccordTest.KNNTest;AccordTest;KNNTest;;Throughput;Host;Host;Host;Classic;Host;;2;Result;14;335041717.45;2048;163594.59
AccordTest.KNNTest;AccordTest;KNNTest;;Throughput;Host;Host;Host;Classic;Host;;2;Result;15;316487193.37;2048;154534.76
AccordTest.KNNTest;AccordTest;KNNTest;;Throughput;Host;Host;Host;Classic;Host;;2;Result;16;317663947.98;2048;155109.35
AccordTest.KNNTest;AccordTest;KNNTest;;Throughput;Host;Host;Host;Classic;Host;;2;Result;17;318211493.64;2048;155376.71
AccordTest.NaiveBayesTest;AccordTest;NaiveBayesTest;;Throughput;Host;Host;Host;Classic;Host;;1;Pilot;1;777363.11;4;194340.78
AccordTest.NaiveBayesTest;AccordTest;NaiveBayesTest;;Throughput;Host;Host;Host;Classic;Host;;1;Pilot;2;1144178.55;8;143022.32
AccordTest.NaiveBayesTest;AccordTest;NaiveBayesTest;;Throughput;Host;Host;Host;Classic;Host;;1;Pilot;3;2114766.82;16;132172.93
AccordTest.NaiveBayesTest;AccordTest;NaiveBayesTest;;Throughput;Host;Host;Host;Classic;Host;;1;Pilot;4;4379919.04;32;136872.47
AccordTest.NaiveBayesTest;AccordTest;NaiveBayesTest;;Throughput;Host;Host;Host;Classic;Host;;1;Pilot;5;8418012.51;64;131531.45
AccordTest.NaiveBayesTest;AccordTest;NaiveBayesTest;;Throughput;Host;Host;Host;Classic;Host;;1;Pilot;6;16261258.27;128;127041.08
AccordTest.NaiveBayesTest;AccordTest;NaiveBayesTest;;Throughput;Host;Host;Host;Classic;Host;;1;Pilot;7;33005802.56;256;128928.92
AccordTest.NaiveBayesTest;AccordTest;NaiveBayesTest;;Throughput;Host;Host;Host;Classic;Host;;1;Pilot;8;65788927.62;512;128494
AccordTest.NaiveBayesTest;AccordTest;NaiveBayesTest;;Throughput;Host;Host;Host;Classic;Host;;1;Pilot;9;126406739.41;1024;123444.08
AccordTest.NaiveBayesTest;AccordTest;NaiveBayesTest;;Throughput;Host;Host;Host;Classic;Host;;1;Pilot;10;251248042.65;2048;122679.71
AccordTest.NaiveBayesTest;AccordTest;NaiveBayesTest;;Throughput;Host;Host;Host;Classic;Host;;1;IdleWarmup;1;8478.7;2048;4.14
AccordTest.NaiveBayesTest;AccordTest;NaiveBayesTest;;Throughput;Host;Host;Host;Classic;Host;;1;IdleWarmup;2;9371.2;2048;4.58
AccordTest.NaiveBayesTest;AccordTest;NaiveBayesTest;;Throughput;Host;Host;Host;Classic;Host;;1;IdleWarmup;3;5801.22;2048;2.83
AccordTest.NaiveBayesTest;AccordTest;NaiveBayesTest;;Throughput;Host;Host;Host;Classic;Host;;1;IdleWarmup;4;5801.22;2048;2.83
AccordTest.NaiveBayesTest;AccordTest;NaiveBayesTest;;Throughput;Host;Host;Host;Classic;Host;;1;IdleWarmup;5;7139.96;2048;3.49
AccordTest.NaiveBayesTest;AccordTest;NaiveBayesTest;;Throughput;Host;Host;Host;Classic;Host;;1;IdleTarget;1;8478.7;2048;4.14
AccordTest.NaiveBayesTest;AccordTest;NaiveBayesTest;;Throughput;Host;Host;Host;Classic;Host;;1;IdleTarget;2;8032.45;2048;3.92
AccordTest.NaiveBayesTest;AccordTest;NaiveBayesTest;;Throughput;Host;Host;Host;Classic;Host;;1;IdleTarget;3;5354.97;2048;2.61
AccordTest.NaiveBayesTest;AccordTest;NaiveBayesTest;;Throughput;Host;Host;Host;Classic;Host;;1;IdleTarget;4;9371.2;2048;4.58
AccordTest.NaiveBayesTest;AccordTest;NaiveBayesTest;;Throughput;Host;Host;Host;Classic;Host;;1;IdleTarget;5;8478.7;2048;4.14
AccordTest.NaiveBayesTest;AccordTest;NaiveBayesTest;;Throughput;Host;Host;Host;Classic;Host;;1;IdleTarget;6;5354.97;2048;2.61
AccordTest.NaiveBayesTest;AccordTest;NaiveBayesTest;;Throughput;Host;Host;Host;Classic;Host;;1;IdleTarget;7;9817.44;2048;4.79
AccordTest.NaiveBayesTest;AccordTest;NaiveBayesTest;;Throughput;Host;Host;Host;Classic;Host;;1;IdleTarget;8;9817.44;2048;4.79
AccordTest.NaiveBayesTest;AccordTest;NaiveBayesTest;;Throughput;Host;Host;Host;Classic;Host;;1;IdleTarget;9;9817.44;2048;4.79
AccordTest.NaiveBayesTest;AccordTest;NaiveBayesTest;;Throughput;Host;Host;Host;Classic;Host;;1;IdleTarget;10;10263.69;2048;5.01
AccordTest.NaiveBayesTest;AccordTest;NaiveBayesTest;;Throughput;Host;Host;Host;Classic;Host;;1;MainWarmup;1;252254330.72;2048;123171.06
AccordTest.NaiveBayesTest;AccordTest;NaiveBayesTest;;Throughput;Host;Host;Host;Classic;Host;;1;MainWarmup;2;254813560.03;2048;124420.68
AccordTest.NaiveBayesTest;AccordTest;NaiveBayesTest;;Throughput;Host;Host;Host;Classic;Host;;1;MainWarmup;3;259260416.2;2048;126592
AccordTest.NaiveBayesTest;AccordTest;NaiveBayesTest;;Throughput;Host;Host;Host;Classic;Host;;1;MainWarmup;4;254168286.17;2048;124105.61
AccordTest.NaiveBayesTest;AccordTest;NaiveBayesTest;;Throughput;Host;Host;Host;Classic;Host;;1;MainWarmup;5;257381714.3;2048;125674.67
AccordTest.NaiveBayesTest;AccordTest;NaiveBayesTest;;Throughput;Host;Host;Host;Classic;Host;;1;MainTarget;1;252158833.76;2048;123124.43
AccordTest.NaiveBayesTest;AccordTest;NaiveBayesTest;;Throughput;Host;Host;Host;Classic;Host;;1;MainTarget;2;263609544.16;2048;128715.6
AccordTest.NaiveBayesTest;AccordTest;NaiveBayesTest;;Throughput;Host;Host;Host;Classic;Host;;1;MainTarget;3;249212707.88;2048;121685.89
AccordTest.NaiveBayesTest;AccordTest;NaiveBayesTest;;Throughput;Host;Host;Host;Classic;Host;;1;MainTarget;4;253684107.65;2048;123869.19
AccordTest.NaiveBayesTest;AccordTest;NaiveBayesTest;;Throughput;Host;Host;Host;Classic;Host;;1;MainTarget;5;254275385.57;2048;124157.9
AccordTest.NaiveBayesTest;AccordTest;NaiveBayesTest;;Throughput;Host;Host;Host;Classic;Host;;1;MainTarget;6;252638996.05;2048;123358.88
AccordTest.NaiveBayesTest;AccordTest;NaiveBayesTest;;Throughput;Host;Host;Host;Classic;Host;;1;MainTarget;7;256358022.57;2048;125174.82
AccordTest.NaiveBayesTest;AccordTest;NaiveBayesTest;;Throughput;Host;Host;Host;Classic;Host;;1;MainTarget;8;252345811.45;2048;123215.73
AccordTest.NaiveBayesTest;AccordTest;NaiveBayesTest;;Throughput;Host;Host;Host;Classic;Host;;1;MainTarget;9;252983499.11;2048;123527.1
AccordTest.NaiveBayesTest;AccordTest;NaiveBayesTest;;Throughput;Host;Host;Host;Classic;Host;;1;MainTarget;10;254128123.9;2048;124086
AccordTest.NaiveBayesTest;AccordTest;NaiveBayesTest;;Throughput;Host;Host;Host;Classic;Host;;1;Result;1;252149908.81;2048;123120.07
AccordTest.NaiveBayesTest;AccordTest;NaiveBayesTest;;Throughput;Host;Host;Host;Classic;Host;;1;Result;2;263600619.21;2048;128711.24
AccordTest.NaiveBayesTest;AccordTest;NaiveBayesTest;;Throughput;Host;Host;Host;Classic;Host;;1;Result;3;249203782.93;2048;121681.53
AccordTest.NaiveBayesTest;AccordTest;NaiveBayesTest;;Throughput;Host;Host;Host;Classic;Host;;1;Result;4;253675182.7;2048;123864.84
AccordTest.NaiveBayesTest;AccordTest;NaiveBayesTest;;Throughput;Host;Host;Host;Classic;Host;;1;Result;5;254266460.62;2048;124153.55
AccordTest.NaiveBayesTest;AccordTest;NaiveBayesTest;;Throughput;Host;Host;Host;Classic;Host;;1;Result;6;252630071.1;2048;123354.53
AccordTest.NaiveBayesTest;AccordTest;NaiveBayesTest;;Throughput;Host;Host;Host;Classic;Host;;1;Result;7;256349097.62;2048;125170.46
AccordTest.NaiveBayesTest;AccordTest;NaiveBayesTest;;Throughput;Host;Host;Host;Classic;Host;;1;Result;8;252336886.5;2048;123211.37
AccordTest.NaiveBayesTest;AccordTest;NaiveBayesTest;;Throughput;Host;Host;Host;Classic;Host;;1;Result;9;252974574.16;2048;123522.74
AccordTest.NaiveBayesTest;AccordTest;NaiveBayesTest;;Throughput;Host;Host;Host;Classic;Host;;1;Result;10;254119198.95;2048;124081.64
AccordTest.NaiveBayesTest;AccordTest;NaiveBayesTest;;Throughput;Host;Host;Host;Classic;Host;;2;Pilot;1;1908154.24;4;477038.56
AccordTest.NaiveBayesTest;AccordTest;NaiveBayesTest;;Throughput;Host;Host;Host;Classic;Host;;2;Pilot;2;3152738.46;8;394092.31
AccordTest.NaiveBayesTest;AccordTest;NaiveBayesTest;;Throughput;Host;Host;Host;Classic;Host;;2;Pilot;3;4465598.56;16;279099.91
AccordTest.NaiveBayesTest;AccordTest;NaiveBayesTest;;Throughput;Host;Host;Host;Classic;Host;;2;Pilot;4;4259432.22;32;133107.26
AccordTest.NaiveBayesTest;AccordTest;NaiveBayesTest;;Throughput;Host;Host;Host;Classic;Host;;2;Pilot;5;8582231.59;64;134097.37
AccordTest.NaiveBayesTest;AccordTest;NaiveBayesTest;;Throughput;Host;Host;Host;Classic;Host;;2;Pilot;6;16263935.75;128;127062
AccordTest.NaiveBayesTest;AccordTest;NaiveBayesTest;;Throughput;Host;Host;Host;Classic;Host;;2;Pilot;7;33174037.86;256;129586.09
AccordTest.NaiveBayesTest;AccordTest;NaiveBayesTest;;Throughput;Host;Host;Host;Classic;Host;;2;Pilot;8;64259637.5;512;125507.1
AccordTest.NaiveBayesTest;AccordTest;NaiveBayesTest;;Throughput;Host;Host;Host;Classic;Host;;2;Pilot;9;127548240.47;1024;124558.83
AccordTest.NaiveBayesTest;AccordTest;NaiveBayesTest;;Throughput;Host;Host;Host;Classic;Host;;2;Pilot;10;249299279.89;2048;121728.16
AccordTest.NaiveBayesTest;AccordTest;NaiveBayesTest;;Throughput;Host;Host;Host;Classic;Host;;2;IdleWarmup;1;8924.95;2048;4.36
AccordTest.NaiveBayesTest;AccordTest;NaiveBayesTest;;Throughput;Host;Host;Host;Classic;Host;;2;IdleWarmup;2;9817.44;2048;4.79
AccordTest.NaiveBayesTest;AccordTest;NaiveBayesTest;;Throughput;Host;Host;Host;Classic;Host;;2;IdleWarmup;3;5801.22;2048;2.83
AccordTest.NaiveBayesTest;AccordTest;NaiveBayesTest;;Throughput;Host;Host;Host;Classic;Host;;2;IdleWarmup;4;5801.22;2048;2.83
AccordTest.NaiveBayesTest;AccordTest;NaiveBayesTest;;Throughput;Host;Host;Host;Classic;Host;;2;IdleWarmup;5;5801.22;2048;2.83
AccordTest.NaiveBayesTest;AccordTest;NaiveBayesTest;;Throughput;Host;Host;Host;Classic;Host;;2;IdleTarget;1;5801.22;2048;2.83
AccordTest.NaiveBayesTest;AccordTest;NaiveBayesTest;;Throughput;Host;Host;Host;Classic;Host;;2;IdleTarget;2;5354.97;2048;2.61
AccordTest.NaiveBayesTest;AccordTest;NaiveBayesTest;;Throughput;Host;Host;Host;Classic;Host;;2;IdleTarget;3;5801.22;2048;2.83
AccordTest.NaiveBayesTest;AccordTest;NaiveBayesTest;;Throughput;Host;Host;Host;Classic;Host;;2;IdleTarget;4;7586.21;2048;3.7
AccordTest.NaiveBayesTest;AccordTest;NaiveBayesTest;;Throughput;Host;Host;Host;Classic;Host;;2;IdleTarget;5;7586.21;2048;3.7
AccordTest.NaiveBayesTest;AccordTest;NaiveBayesTest;;Throughput;Host;Host;Host;Classic;Host;;2;IdleTarget;6;7139.96;2048;3.49
AccordTest.NaiveBayesTest;AccordTest;NaiveBayesTest;;Throughput;Host;Host;Host;Classic;Host;;2;IdleTarget;7;8032.45;2048;3.92
AccordTest.NaiveBayesTest;AccordTest;NaiveBayesTest;;Throughput;Host;Host;Host;Classic;Host;;2;IdleTarget;8;5354.97;2048;2.61
AccordTest.NaiveBayesTest;AccordTest;NaiveBayesTest;;Throughput;Host;Host;Host;Classic;Host;;2;IdleTarget;9;5801.22;2048;2.83
AccordTest.NaiveBayesTest;AccordTest;NaiveBayesTest;;Throughput;Host;Host;Host;Classic;Host;;2;IdleTarget;10;5801.22;2048;2.83
AccordTest.NaiveBayesTest;AccordTest;NaiveBayesTest;;Throughput;Host;Host;Host;Classic;Host;;2;IdleTarget;11;5354.97;2048;2.61
AccordTest.NaiveBayesTest;AccordTest;NaiveBayesTest;;Throughput;Host;Host;Host;Classic;Host;;2;MainWarmup;1;250428732.27;2048;122279.65
AccordTest.NaiveBayesTest;AccordTest;NaiveBayesTest;;Throughput;Host;Host;Host;Classic;Host;;2;MainWarmup;2;253117819.6;2048;123592.69
AccordTest.NaiveBayesTest;AccordTest;NaiveBayesTest;;Throughput;Host;Host;Host;Classic;Host;;2;MainWarmup;3;246049705.72;2048;120141.46
AccordTest.NaiveBayesTest;AccordTest;NaiveBayesTest;;Throughput;Host;Host;Host;Classic;Host;;2;MainWarmup;4;259027475.01;2048;126478.26
AccordTest.NaiveBayesTest;AccordTest;NaiveBayesTest;;Throughput;Host;Host;Host;Classic;Host;;2;MainWarmup;5;263285568.49;2048;128557.41
AccordTest.NaiveBayesTest;AccordTest;NaiveBayesTest;;Throughput;Host;Host;Host;Classic;Host;;2;MainTarget;1;257682038.85;2048;125821.31
AccordTest.NaiveBayesTest;AccordTest;NaiveBayesTest;;Throughput;Host;Host;Host;Classic;Host;;2;MainTarget;2;249325162.24;2048;121740.8
AccordTest.NaiveBayesTest;AccordTest;NaiveBayesTest;;Throughput;Host;Host;Host;Classic;Host;;2;MainTarget;3;247089908.6;2048;120649.37
AccordTest.NaiveBayesTest;AccordTest;NaiveBayesTest;;Throughput;Host;Host;Host;Classic;Host;;2;MainTarget;4;257514249.8;2048;125739.38
AccordTest.NaiveBayesTest;AccordTest;NaiveBayesTest;;Throughput;Host;Host;Host;Classic;Host;;2;MainTarget;5;258074736.64;2048;126013.06
AccordTest.NaiveBayesTest;AccordTest;NaiveBayesTest;;Throughput;Host;Host;Host;Classic;Host;;2;MainTarget;6;253415020.42;2048;123737.8
AccordTest.NaiveBayesTest;AccordTest;NaiveBayesTest;;Throughput;Host;Host;Host;Classic;Host;;2;MainTarget;7;251528732.31;2048;122816.76
AccordTest.NaiveBayesTest;AccordTest;NaiveBayesTest;;Throughput;Host;Host;Host;Classic;Host;;2;MainTarget;8;249330070.97;2048;121743.2
AccordTest.NaiveBayesTest;AccordTest;NaiveBayesTest;;Throughput;Host;Host;Host;Classic;Host;;2;MainTarget;9;245367839.57;2048;119808.52
AccordTest.NaiveBayesTest;AccordTest;NaiveBayesTest;;Throughput;Host;Host;Host;Classic;Host;;2;MainTarget;10;245032261.46;2048;119644.66
AccordTest.NaiveBayesTest;AccordTest;NaiveBayesTest;;Throughput;Host;Host;Host;Classic;Host;;2;Result;1;257676237.63;2048;125818.48
AccordTest.NaiveBayesTest;AccordTest;NaiveBayesTest;;Throughput;Host;Host;Host;Classic;Host;;2;Result;2;249319361.03;2048;121737.97
AccordTest.NaiveBayesTest;AccordTest;NaiveBayesTest;;Throughput;Host;Host;Host;Classic;Host;;2;Result;3;247084107.39;2048;120646.54
AccordTest.NaiveBayesTest;AccordTest;NaiveBayesTest;;Throughput;Host;Host;Host;Classic;Host;;2;Result;4;257508448.58;2048;125736.55
AccordTest.NaiveBayesTest;AccordTest;NaiveBayesTest;;Throughput;Host;Host;Host;Classic;Host;;2;Result;5;258068935.42;2048;126010.22
AccordTest.NaiveBayesTest;AccordTest;NaiveBayesTest;;Throughput;Host;Host;Host;Classic;Host;;2;Result;6;253409219.21;2048;123734.97
AccordTest.NaiveBayesTest;AccordTest;NaiveBayesTest;;Throughput;Host;Host;Host;Classic;Host;;2;Result;7;251522931.1;2048;122813.93
AccordTest.NaiveBayesTest;AccordTest;NaiveBayesTest;;Throughput;Host;Host;Host;Classic;Host;;2;Result;8;249324269.75;2048;121740.37
AccordTest.NaiveBayesTest;AccordTest;NaiveBayesTest;;Throughput;Host;Host;Host;Classic;Host;;2;Result;9;245362038.35;2048;119805.68
AccordTest.NaiveBayesTest;AccordTest;NaiveBayesTest;;Throughput;Host;Host;Host;Classic;Host;;2;Result;10;245026460.24;2048;119641.83
